<?xml version="1.0"?>
<!DOCTYPE module PUBLIC
    "-//Puppy Crawl//DTD Check Configuration 1.2//EN" 
    "http://www.puppycrawl.com/dtds/configuration_1_2.dtd">
<module name="Checker">

	<property name="severity" value="error" />
	<property name="charset" value="UTF-8" />

	<!-- 文件最长是1500行 -->
	<module name="FileLength">
		<property name="max" value="1500" />
	</module>

	<module name="TreeWalker">
		<property name="severity" value="error" />
		<!-- java的class类需要有注释说明 -->
		<module name="JavadocType" />

		<!-- 检查类和接口名称，接口名称需要已大写I开头，类名称只需要大写字母开头即可 -->
		<module name="TypeName">
			<property name="format" value="^I[a-zA-Z0-9]+$" />
			<property name="tokens" value="INTERFACE_DEF" />
		</module>
		<module name="TypeName">
			<property name="format" value="^[A-Z][a-zA-Z0-9]*$" />
			<property name="tokens" value="CLASS_DEF" />
		</module>

		<!-- 方法名，自定义规则，小写字母开头，后面个字母，数字，下划线均可 -->
		<module name="MethodName">
			<property name="format" value="^[a-z][a-zA-Z0-9]*(_[a-zA-Z0-9]+)*$" />
		</module>

		<!-- 本地非final变量, 包括catch中的参数，默认规则为^[a-z][a-zA-Z0-9]*$ -->
		<module name="LocalVariableName">
			<!-- <property name="format" value="^[a-zA-Z][a-zA-Z0-9]*$" /> -->
		</module>

		<!-- check pakage name(only, lower case)，包名必须已com.haimi开头 -->
		<module name="PackageName">
			<property name="format" value="^com\.haimi\.[a-z]+(\.[a-z][a-z0-9]*)*$" />
		</module>

		<!-- 常量检查 ，包含static和final的常量，检查规则为^[A-Z][A-Z0-9]*(_[A-Z0-9]+)*$ 必须开头大写字母，其它为大写字母、下划线或者数字 -->
		<module name="ConstantName" />

		<!-- 检查非static变量，成员变量名，默认^[a-z][a-zA-Z0-9]*$ -->
		<module name="MemberName" />

		<!-- 检查static变量，非static final ，默认规则 ^[a-z][a-zA-Z0-9]*$ -->
		<module name="StaticVariableName" />

		<!-- 检查方法参数，默认规则默认规则 ^[a-z][a-zA-Z0-9]*$ -->
		<module name="ParameterName ">
			<property name="format" value="^[a-zA-Z][a-zA-Z0-9]*$" />
		</module>

		<!-- 检查final变量，包括catch中的变量，默认规则 ^[a-z][a-zA-Z0-9]*$ -->
		<module name="LocalFinalVariableName" />


		<!-- Checks for Size Violations. -->
		<!-- See http://checkstyle.sf.net/config_sizes.html -->
		<!-- 每行代码长度为120个字符 -->
		<module name="LineLength">
			<property name="max" value="300" />
		</module>
		<module name="MethodLength">
			<property name="max" value="200" />
		</module><!-- 默认每个方法最多150行 -->

		<!-- Checks for whitespace -->
		<!-- See http://checkstyle.sf.net/config_whitespace.html -->
		<module name="GenericWhitespace" /><!-- 代码中<>之间不能有空格 -->
		<module name="NoWhitespaceBefore" /><!-- 。号以及++等操作符号签名不能有空格 -->
		<module name="WhitespaceAfter" /><!-- 一些循环冒号等后面需要跟着空格 -->
		<module name="WhitespaceAround" /><!-- 所有的一些符号前后都需要加空格，比如=、<等 -->

		<!-- Checks for blocks. You know, those {}'s -->
		<!-- See http://checkstyle.sf.net/config_blocks.html -->
		<module name="AvoidNestedBlocks" /><!-- 避免嵌套代码块 -->
		<module name="EmptyBlock" /><!-- 代码块不运行为空，比如for循环里面必须有内容 -->
		<module name="LeftCurly" /><!-- {应该放在前面一行 -->

		<!--检查括号包含了代码块 -->
		<module name="NeedBraces">
			<property name="tokens" value="LITERAL_DO, LITERAL_WHILE,LITERAL_FOR" />
		</module>
		<module name="RightCurly" /><!-- }符号需要和else catch 等在同一行 -->

		<module name="StringLiteralEquality" /><!-- 字符串比较不要用==需要用equlas -->
		<module name="EqualsAvoidNull" /><!-- 避免存在null指针，比如 nullString.equals("My_Sweet_String"); -->
		<module name="UnnecessaryParentheses" /><!-- 检查是否使用了不需要的括号 -->
		<module name="EmptyStatement" /><!-- 检查空语句，只有冒号 -->
		<module name="SimplifyBooleanReturn" /><!-- boolean类型的返回值编写复杂的可以修改为简单的 -->
		<module name="PackageDeclaration" /><!-- 类需要有包名，否则以后其它地方引用会导入不进来 -->

	</module>
</module>