<?xml version="1.0" encoding="UTF-8"?>
<suite name="蜜宝接口测试" verbose="10" parallel="tests" thread-count="1"
	timeout="600000">

	<parameter name="username" value="noah@163.com"></parameter>
	<parameter name="password" value="aaa123"></parameter>
	<parameter name="deviceid" value="727395B6-3B40-49E6-BCD2-F63891F28CAE"></parameter>
	<parameter name="pushid" value=""></parameter>
	<parameter name="belongto" value="MIBAO"></parameter>

	<!--参数由maven传入 -->
	<parameter name="version" value="${version}"></parameter>
	<parameter name="appname" value="${appname}"></parameter>
	<parameter name="platform" value="${platform}"></parameter>

	<!-- <listeners> <listener class-name="org.uncommons.reportng.HTMLReporter"></listener> 
		<listener class-name="org.uncommons.reportng.JUnitXMLReporter"></listener> 
		</listeners> -->

	<test name="学院文章">
		<!-- <groups> <run> <include name="login" /> </run> </groups> -->
		<groups>
			<run>
				<exclude name="test2" />
			</run>
		</groups>
		<classes>
			<class name="com.haimi.mbao.testcase.NoticeTest" />
		</classes>
	</test>

	<test name="商品">
		<groups>
			<run>
				<exclude name="test2" />
			</run>
		</groups>
		<classes>
			<class name="com.haimi.mbao.testcase.ProductTest" />
		</classes>
	</test>

	<test name="店铺营销">
		<groups>
			<run>
				<exclude name="test2" />
			</run>
		</groups>
		<classes>
			<class name="com.haimi.mbao.testcase.ShopTest" />
		</classes>
	</test>

	<test name="订单">
		<groups>
			<run>
				<exclude name="test2" />
			</run>
		</groups>
		<classes>
			<class name="com.haimi.mbao.testcase.EscrowTest" />
		</classes>
	</test>
</suite>