<?xml version="1.0" encoding="UTF-8"?>
<suite name="海蜜新接口测试" verbose="10" parallel="classes"
	thread-count="1" timeout="600000">

	<parameter name="username" value="13588748220"></parameter>
	<parameter name="password" value="qa1234"></parameter>
	<parameter name="deviceid" value="727395B6-3B40-49E6-BCD2-F63891F28CAE"></parameter>
	<parameter name="pushid"
		value="557f3793b44da806cc9bc6d9624f9d20915ee471f04bfb0e46e9205b697eef7a"></parameter>
	<parameter name="belongto" value="HAIMI"></parameter>
	<parameter name="platform" value="IOS"></parameter>

	<!--参数由maven传入 -->
	<!-- <parameter name="version" value="${version}"></parameter> <parameter 
		name="appname" value="${appname}"></parameter> <parameter name="platform" 
		value="${platform}"></parameter> -->

	<parameter name="version" value="4.0.0"></parameter>
	<parameter name="appname" value="haimi"></parameter>


	<!-- <listeners> <listener class-name="org.uncommons.reportng.HTMLReporter"></listener> 
		<listener class-name="org.uncommons.reportng.JUnitXMLReporter"></listener> 
		</listeners> -->

	<test name="购物车">

		<groups>
			<run>
				<include name="400"></include>
				<include name="400login"></include>
			</run>
		</groups>
		<classes>
			<class name="com.haimi.hm.testcase.CartTest" />
		</classes>
		<!-- <packages> <package name="com.haimi.hm.testcase"> <exclude name="BaseTest"></exclude> 
			</package> </packages> -->
	</test>
	
	<test name="用户">

		<groups>
			<run>
				<include name="400"></include>
				<include name="400login"></include>
			</run>
		</groups>
		<classes>
			<class name="com.haimi.hm.testcase.MemberTest" />
		</classes>
		<!-- <packages> <package name="com.haimi.hm.testcase"> <exclude name="BaseTest"></exclude> 
			</package> </packages> -->
	</test>
	
	<test name="广告">

		<groups>
			<run>
				<include name="400"></include>
				<include name="400login"></include>
			</run>
		</groups>
		<classes>
			<class name="com.haimi.hm.testcase.ADTest" />
		</classes>
		<!-- <packages> <package name="com.haimi.hm.testcase"> <exclude name="BaseTest"></exclude> 
			</package> </packages> -->
	</test>
	
	<test name="消息">

		<groups>
			<run>
				<include name="400"></include>
				<include name="400login"></include>
			</run>
		</groups>
		<classes>
			<class name="com.haimi.hm.testcase.MesgTest" />
		</classes>
		<!-- <packages> <package name="com.haimi.hm.testcase"> <exclude name="BaseTest"></exclude> 
			</package> </packages> -->
	</test>

</suite>